{
  "freenet32_mlp16_16_d64_k3_int0.110.54": {
    "FreeNet": {
      "aggregate": {
        "test_MSE": {
          "mean": 3.862658195430413e-05,
          "min": 3.862658195430413e-05,
          "max": 3.862658195430413e-05,
          "std_dev": null
        },
        "test_MAE": {
          "mean": 0.005303143057972193,
          "min": 0.005303143057972193,
          "max": 0.005303143057972193,
          "std_dev": null
        },
        "test_RMSE": {
          "mean": 0.006215028930455446,
          "min": 0.006215028930455446,
          "max": 0.006215028930455446,
          "std_dev": null
        },
        "L1": {
          "mean": 0.005462363719940186,
          "min": 0.005462363719940186,
          "max": 0.005462363719940186,
          "std_dev": null
        },
        "L2": {
          "mean": 0.00644426713037617,
          "min": 0.00644426713037617,
          "max": 0.00644426713037617,
          "std_dev": null
        },
        "L3": {
          "mean": 0.007268689584699788,
          "min": 0.007268689584699788,
          "max": 0.007268689584699788,
          "std_dev": null
        },
        "L_inf": {
          "mean": 0.026416568085551262,
          "min": 0.026416568085551262,
          "max": 0.026416568085551262,
          "std_dev": null
        }
      },
      "individual": [
        {
          "test_MSE": 3.862658195430413e-05,
          "test_MAE": 0.005303143057972193,
          "test_RMSE": 0.006215028930455446,
          "L1": 0.005462363719940186,
          "L2": 0.00644426713037617,
          "L3": 0.007268689584699788,
          "L_inf": 0.026416568085551262
        }
      ]
    },
    "MLP": {
      "aggregate": {
        "test_MSE": {
          "mean": 7.604653859515228e-17,
          "min": 7.604653859515228e-17,
          "max": 7.604653859515228e-17,
          "std_dev": null
        },
        "test_MAE": {
          "mean": 7.082941344549454e-09,
          "min": 7.082941344549454e-09,
          "max": 7.082941344549454e-09,
          "std_dev": null
        },
        "test_RMSE": {
          "mean": 8.720467015166378e-09,
          "min": 8.720467015166378e-09,
          "max": 8.720467015166378e-09,
          "std_dev": null
        },
        "L1": {
          "mean": 7.39234656066401e-09,
          "min": 7.39234656066401e-09,
          "max": 7.39234656066401e-09,
          "std_dev": null
        },
        "L2": {
          "mean": 4.126290855264912e-08,
          "min": 4.126290855264912e-08,
          "max": 4.126290855264912e-08,
          "std_dev": null
        },
        "L3": {
          "mean": 1.281647552704463e-07,
          "min": 1.281647552704463e-07,
          "max": 1.281647552704463e-07,
          "std_dev": null
        },
        "L_inf": {
          "mean": 1.2814998626708984e-06,
          "min": 1.2814998626708984e-06,
          "max": 1.2814998626708984e-06,
          "std_dev": null
        }
      },
      "individual": [
        {
          "test_MSE": 7.604653859515228e-17,
          "test_MAE": 7.082941344549454e-09,
          "test_RMSE": 8.720467015166378e-09,
          "L1": 7.39234656066401e-09,
          "L2": 4.126290855264912e-08,
          "L3": 1.281647552704463e-07,
          "L_inf": 1.2814998626708984e-06
        }
      ]
    },
    "MLP_SqReLU": {
      "aggregate": {
        "test_MSE": {
          "mean": 3.660591968435156e-11,
          "min": 3.660591968435156e-11,
          "max": 3.660591968435156e-11,
          "std_dev": null
        },
        "test_MAE": {
          "mean": 5.485191195475636e-06,
          "min": 5.485191195475636e-06,
          "max": 5.485191195475636e-06,
          "std_dev": null
        },
        "test_RMSE": {
          "mean": 6.05028253630735e-06,
          "min": 6.05028253630735e-06,
          "max": 6.05028253630735e-06,
          "std_dev": null
        },
        "L1": {
          "mean": 5.15584647655487e-06,
          "min": 5.15584647655487e-06,
          "max": 5.15584647655487e-06,
          "std_dev": null
        },
        "L2": {
          "mean": 5.726241210431947e-06,
          "min": 5.726241210431947e-06,
          "max": 5.726241210431947e-06,
          "std_dev": null
        },
        "L3": {
          "mean": 6.106583082044889e-06,
          "min": 6.106583082044889e-06,
          "max": 6.106583082044889e-06,
          "std_dev": null
        },
        "L_inf": {
          "mean": 9.313225746154785e-06,
          "min": 9.313225746154785e-06,
          "max": 9.313225746154785e-06,
          "std_dev": null
        }
      },
      "individual": [
        {
          "test_MSE": 3.660591968435156e-11,
          "test_MAE": 5.485191195475636e-06,
          "test_RMSE": 6.05028253630735e-06,
          "L1": 5.15584647655487e-06,
          "L2": 5.726241210431947e-06,
          "L3": 6.106583082044889e-06,
          "L_inf": 9.313225746154785e-06
        }
      ]
    }
  }
}