{
  "n8_k2": {
    "FreeNet": {
      "aggregate": {
        "test_MSE": {
          "mean": 4.443928264663555e-05,
          "min": 4.443928264663555e-05,
          "max": 4.443928264663555e-05,
          "std_dev": null
        },
        "test_MAE": {
          "mean": 0.005916746333241463,
          "min": 0.005916746333241463,
          "max": 0.005916746333241463,
          "std_dev": null
        },
        "test_RMSE": {
          "mean": 0.006666279397904873,
          "min": 0.006666279397904873,
          "max": 0.006666279397904873,
          "std_dev": null
        },
        "L1": {
          "mean": 0.005759325344115496,
          "min": 0.005759325344115496,
          "max": 0.005759325344115496,
          "std_dev": null
        },
        "L2": {
          "mean": 0.00665695546194911,
          "min": 0.00665695546194911,
          "max": 0.00665695546194911,
          "std_dev": null
        },
        "L3": {
          "mean": 0.007257513236254454,
          "min": 0.007257513236254454,
          "max": 0.007257513236254454,
          "std_dev": null
        },
        "L_inf": {
          "mean": 0.011806249618530273,
          "min": 0.011806249618530273,
          "max": 0.011806249618530273,
          "std_dev": null
        }
      },
      "individual": [
        {
          "test_MSE": 4.443928264663555e-05,
          "test_MAE": 0.005916746333241463,
          "test_RMSE": 0.006666279397904873,
          "L1": 0.005759325344115496,
          "L2": 0.00665695546194911,
          "L3": 0.007257513236254454,
          "L_inf": 0.011806249618530273
        }
      ]
    },
    "MLP": {
      "aggregate": {
        "test_MSE": {
          "mean": 0.12566593289375305,
          "min": 0.12566593289375305,
          "max": 0.12566593289375305,
          "std_dev": null
        },
        "test_MAE": {
          "mean": 0.2827956974506378,
          "min": 0.2827956974506378,
          "max": 0.2827956974506378,
          "std_dev": null
        },
        "test_RMSE": {
          "mean": 0.3544939160346985,
          "min": 0.3544939160346985,
          "max": 0.3544939160346985,
          "std_dev": null
        },
        "L1": {
          "mean": 0.2682860195636749,
          "min": 0.2682860195636749,
          "max": 0.2682860195636749,
          "std_dev": null
        },
        "L2": {
          "mean": 0.33351609110832214,
          "min": 0.33351609110832214,
          "max": 0.33351609110832214,
          "std_dev": null
        },
        "L3": {
          "mean": 0.38591334223747253,
          "min": 0.38591334223747253,
          "max": 0.38591334223747253,
          "std_dev": null
        },
        "L_inf": {
          "mean": 0.8059301376342773,
          "min": 0.8059301376342773,
          "max": 0.8059301376342773,
          "std_dev": null
        }
      },
      "individual": [
        {
          "test_MSE": 0.12566593289375305,
          "test_MAE": 0.2827956974506378,
          "test_RMSE": 0.3544939160346985,
          "L1": 0.2682860195636749,
          "L2": 0.33351609110832214,
          "L3": 0.38591334223747253,
          "L_inf": 0.8059301376342773
        }
      ]
    },
    "MLP_SqReLU": {
      "aggregate": {
        "test_MSE": {
          "mean": 0.25623154640197754,
          "min": 0.25623154640197754,
          "max": 0.25623154640197754,
          "std_dev": null
        },
        "test_MAE": {
          "mean": 0.42809927463531494,
          "min": 0.42809927463531494,
          "max": 0.42809927463531494,
          "std_dev": null
        },
        "test_RMSE": {
          "mean": 0.5061931610107422,
          "min": 0.5061931610107422,
          "max": 0.5061931610107422,
          "std_dev": null
        },
        "L1": {
          "mean": 0.440164715051651,
          "min": 0.440164715051651,
          "max": 0.440164715051651,
          "std_dev": null
        },
        "L2": {
          "mean": 0.5151946544647217,
          "min": 0.5151946544647217,
          "max": 0.5151946544647217,
          "std_dev": null
        },
        "L3": {
          "mean": 0.5701969265937805,
          "min": 0.5701969265937805,
          "max": 0.5701969265937805,
          "std_dev": null
        },
        "L_inf": {
          "mean": 0.9782860279083252,
          "min": 0.9782860279083252,
          "max": 0.9782860279083252,
          "std_dev": null
        }
      },
      "individual": [
        {
          "test_MSE": 0.25623154640197754,
          "test_MAE": 0.42809927463531494,
          "test_RMSE": 0.5061931610107422,
          "L1": 0.440164715051651,
          "L2": 0.5151946544647217,
          "L3": 0.5701969265937805,
          "L_inf": 0.9782860279083252
        }
      ]
    }
  }
}