{
  "d8_k4": {
    "FreeNet": {
      "aggregate": {
        "test_MSE": {
          "mean": 1.4018020882762863e-08,
          "min": 1.4018020882762863e-08,
          "max": 1.4018020882762863e-08,
          "std_dev": null
        },
        "test_MAE": {
          "mean": 0.00010267286773465802,
          "min": 0.00010267286773465802,
          "max": 0.00010267286773465802,
          "std_dev": null
        },
        "test_RMSE": {
          "mean": 0.00011839772330058911,
          "min": 0.00011839772330058911,
          "max": 0.00011839772330058911,
          "std_dev": null
        },
        "L1": {
          "mean": 0.00010037384575743198,
          "min": 0.00010037384575743198,
          "max": 0.00010037384575743198,
          "std_dev": null
        },
        "L2": {
          "mean": 0.00011820341836531722,
          "min": 0.00011820341836531722,
          "max": 0.00011820341836531722,
          "std_dev": null
        },
        "L3": {
          "mean": 0.00013089486707255446,
          "min": 0.00013089486707255446,
          "max": 0.00013089486707255446,
          "std_dev": null
        },
        "L_inf": {
          "mean": 0.00025000301313460316,
          "min": 0.00025000301313460316,
          "max": 0.00025000301313460316,
          "std_dev": null
        }
      },
      "individual": [
        {
          "test_MSE": 1.4018020882762863e-08,
          "test_MAE": 0.00010267286773465802,
          "test_RMSE": 0.00011839772330058911,
          "L1": 0.00010037384575743198,
          "L2": 0.00011820341836531722,
          "L3": 0.00013089486707255446,
          "L_inf": 0.00025000301313460316
        }
      ]
    },
    "MLP": {
      "aggregate": {
        "test_MSE": {
          "mean": 5.858146593797216e-06,
          "min": 5.858146593797216e-06,
          "max": 5.858146593797216e-06,
          "std_dev": null
        },
        "test_MAE": {
          "mean": 0.0022037434950471385,
          "min": 0.0022037434950471385,
          "max": 0.0022037434950471385,
          "std_dev": null
        },
        "test_RMSE": {
          "mean": 0.002420360839585126,
          "min": 0.002420360839585126,
          "max": 0.002420360839585126,
          "std_dev": null
        },
        "L1": {
          "mean": 0.002282492858709058,
          "min": 0.002282492858709058,
          "max": 0.002282492858709058,
          "std_dev": null
        },
        "L2": {
          "mean": 0.002533422689784245,
          "min": 0.002533422689784245,
          "max": 0.002533422689784245,
          "std_dev": null
        },
        "L3": {
          "mean": 0.0026975324661654425,
          "min": 0.0026975324661654425,
          "max": 0.0026975324661654425,
          "std_dev": null
        },
        "L_inf": {
          "mean": 0.005037642396937214,
          "min": 0.005037642396937214,
          "max": 0.005037642396937214,
          "std_dev": null
        }
      },
      "individual": [
        {
          "test_MSE": 5.858146593797216e-06,
          "test_MAE": 0.0022037434950471385,
          "test_RMSE": 0.002420360839585126,
          "L1": 0.002282492858709058,
          "L2": 0.002533422689784245,
          "L3": 0.0026975324661654425,
          "L_inf": 0.005037642396937214
        }
      ]
    },
    "MLP_SqReLU": {
      "aggregate": {
        "test_MSE": {
          "mean": 0.00027217904414741706,
          "min": 0.00027217904414741706,
          "max": 0.00027217904414741706,
          "std_dev": null
        },
        "test_MAE": {
          "mean": 0.014776964063848182,
          "min": 0.014776964063848182,
          "max": 0.014776964063848182,
          "std_dev": null
        },
        "test_RMSE": {
          "mean": 0.016497849682531873,
          "min": 0.016497849682531873,
          "max": 0.016497849682531873,
          "std_dev": null
        },
        "L1": {
          "mean": 0.015003168793227908,
          "min": 0.015003168793227908,
          "max": 0.015003168793227908,
          "std_dev": null
        },
        "L2": {
          "mean": 0.016750577736739693,
          "min": 0.016750577736739693,
          "max": 0.016750577736739693,
          "std_dev": null
        },
        "L3": {
          "mean": 0.01789937255156005,
          "min": 0.01789937255156005,
          "max": 0.01789937255156005,
          "std_dev": null
        },
        "L_inf": {
          "mean": 0.03962569063841381,
          "min": 0.03962569063841381,
          "max": 0.03962569063841381,
          "std_dev": null
        }
      },
      "individual": [
        {
          "test_MSE": 0.00027217904414741706,
          "test_MAE": 0.014776964063848182,
          "test_RMSE": 0.016497849682531873,
          "L1": 0.015003168793227908,
          "L2": 0.016750577736739693,
          "L3": 0.01789937255156005,
          "L_inf": 0.03962569063841381
        }
      ]
    }
  }
}