{
  "d4_k2": {
    "FreeNet": {
      "aggregate": {
        "test_MSE": {
          "mean": 0.0011952893109992146,
          "min": 0.0011952893109992146,
          "max": 0.0011952893109992146,
          "std_dev": null
        },
        "test_MAE": {
          "mean": 0.03365078940987587,
          "min": 0.03365078940987587,
          "max": 0.03365078940987587,
          "std_dev": null
        },
        "test_RMSE": {
          "mean": 0.03457295522093773,
          "min": 0.03457295522093773,
          "max": 0.03457295522093773,
          "std_dev": null
        },
        "L1": {
          "mean": 0.055165157318115235,
          "min": 0.055165157318115235,
          "max": 0.055165157318115235,
          "std_dev": null
        },
        "L2": {
          "mean": 0.06379934831842496,
          "min": 0.06379934831842496,
          "max": 0.06379934831842496,
          "std_dev": null
        },
        "L3": {
          "mean": 0.07207525757380813,
          "min": 0.07207525757380813,
          "max": 0.07207525757380813,
          "std_dev": null
        },
        "L_inf": {
          "mean": 0.12784062325954437,
          "min": 0.12784062325954437,
          "max": 0.12784062325954437,
          "std_dev": null
        }
      },
      "individual": [
        {
          "test_MSE": 0.0011952893109992146,
          "test_MAE": 0.03365078940987587,
          "test_RMSE": 0.03457295522093773,
          "L1": 0.055165157318115235,
          "L2": 0.06379934831842496,
          "L3": 0.07207525757380813,
          "L_inf": 0.12784062325954437
        }
      ]
    },
    "MLP": {
      "aggregate": {
        "test_MSE": {
          "mean": 0.0008981248247437179,
          "min": 0.0008981248247437179,
          "max": 0.0008981248247437179,
          "std_dev": null
        },
        "test_MAE": {
          "mean": 0.021734928712248802,
          "min": 0.021734928712248802,
          "max": 0.021734928712248802,
          "std_dev": null
        },
        "test_RMSE": {
          "mean": 0.029968731105327606,
          "min": 0.029968731105327606,
          "max": 0.029968731105327606,
          "std_dev": null
        },
        "L1": {
          "mean": 0.041613113403320315,
          "min": 0.041613113403320315,
          "max": 0.041613113403320315,
          "std_dev": null
        },
        "L2": {
          "mean": 0.05550639205070834,
          "min": 0.05550639205070834,
          "max": 0.05550639205070834,
          "std_dev": null
        },
        "L3": {
          "mean": 0.06346928787442231,
          "min": 0.06346928787442231,
          "max": 0.06346928787442231,
          "std_dev": null
        },
        "L_inf": {
          "mean": 0.09522601962089539,
          "min": 0.09522601962089539,
          "max": 0.09522601962089539,
          "std_dev": null
        }
      },
      "individual": [
        {
          "test_MSE": 0.0008981248247437179,
          "test_MAE": 0.021734928712248802,
          "test_RMSE": 0.029968731105327606,
          "L1": 0.041613113403320315,
          "L2": 0.05550639205070834,
          "L3": 0.06346928787442231,
          "L_inf": 0.09522601962089539
        }
      ]
    },
    "MLP_SqReLU": {
      "aggregate": {
        "test_MSE": {
          "mean": 0.00028701929841190577,
          "min": 0.00028701929841190577,
          "max": 0.00028701929841190577,
          "std_dev": null
        },
        "test_MAE": {
          "mean": 0.015864640474319458,
          "min": 0.015864640474319458,
          "max": 0.015864640474319458,
          "std_dev": null
        },
        "test_RMSE": {
          "mean": 0.016941644251346588,
          "min": 0.016941644251346588,
          "max": 0.016941644251346588,
          "std_dev": null
        },
        "L1": {
          "mean": 0.06476596069335938,
          "min": 0.06476596069335938,
          "max": 0.06476596069335938,
          "std_dev": null
        },
        "L2": {
          "mean": 0.08456315430968135,
          "min": 0.08456315430968135,
          "max": 0.08456315430968135,
          "std_dev": null
        },
        "L3": {
          "mean": 0.0977621954368814,
          "min": 0.0977621954368814,
          "max": 0.0977621954368814,
          "std_dev": null
        },
        "L_inf": {
          "mean": 0.15888521075248718,
          "min": 0.15888521075248718,
          "max": 0.15888521075248718,
          "std_dev": null
        }
      },
      "individual": [
        {
          "test_MSE": 0.00028701929841190577,
          "test_MAE": 0.015864640474319458,
          "test_RMSE": 0.016941644251346588,
          "L1": 0.06476596069335938,
          "L2": 0.08456315430968135,
          "L3": 0.0977621954368814,
          "L_inf": 0.15888521075248718
        }
      ]
    }
  }
}