{
  "d8_k4": {
    "FreeNet": {
      "aggregate": {
        "test_MSE": {
          "mean": 0.00015323469804670502,
          "min": 0.00015323469804670502,
          "max": 0.00015323469804670502,
          "std_dev": null
        },
        "test_MAE": {
          "mean": 0.011202133194394613,
          "min": 0.011202133194394613,
          "max": 0.011202133194394613,
          "std_dev": null
        },
        "test_RMSE": {
          "mean": 0.012378800347638903,
          "min": 0.012378800347638903,
          "max": 0.012378800347638903,
          "std_dev": null
        },
        "L1": {
          "mean": 0.011225378657683157,
          "min": 0.011225378657683157,
          "max": 0.011225378657683157,
          "std_dev": null
        },
        "L2": {
          "mean": 0.01253210401939485,
          "min": 0.01253210401939485,
          "max": 0.01253210401939485,
          "std_dev": null
        },
        "L3": {
          "mean": 0.013639856591976276,
          "min": 0.013639856591976276,
          "max": 0.013639856591976276,
          "std_dev": null
        },
        "L_inf": {
          "mean": 0.026182429253449824,
          "min": 0.026182429253449824,
          "max": 0.026182429253449824,
          "std_dev": null
        }
      },
      "individual": [
        {
          "test_MSE": 0.00015323469804670502,
          "test_MAE": 0.011202133194394613,
          "test_RMSE": 0.012378800347638903,
          "L1": 0.011225378657683157,
          "L2": 0.01253210401939485,
          "L3": 0.013639856591976276,
          "L_inf": 0.026182429253449824
        }
      ]
    },
    "MLP": {
      "aggregate": {
        "test_MSE": {
          "mean": 8.47440035942238e-05,
          "min": 8.47440035942238e-05,
          "max": 8.47440035942238e-05,
          "std_dev": null
        },
        "test_MAE": {
          "mean": 0.005481272141067525,
          "min": 0.005481272141067525,
          "max": 0.005481272141067525,
          "std_dev": null
        },
        "test_RMSE": {
          "mean": 0.00920565063394347,
          "min": 0.00920565063394347,
          "max": 0.00920565063394347,
          "std_dev": null
        },
        "L1": {
          "mean": 0.005310999539181,
          "min": 0.005310999539181,
          "max": 0.005310999539181,
          "std_dev": null
        },
        "L2": {
          "mean": 0.00884793140703311,
          "min": 0.00884793140703311,
          "max": 0.00884793140703311,
          "std_dev": null
        },
        "L3": {
          "mean": 0.012483639536852154,
          "min": 0.012483639536852154,
          "max": 0.012483639536852154,
          "std_dev": null
        },
        "L_inf": {
          "mean": 0.04331024116217175,
          "min": 0.04331024116217175,
          "max": 0.04331024116217175,
          "std_dev": null
        }
      },
      "individual": [
        {
          "test_MSE": 8.47440035942238e-05,
          "test_MAE": 0.005481272141067525,
          "test_RMSE": 0.00920565063394347,
          "L1": 0.005310999539181,
          "L2": 0.00884793140703311,
          "L3": 0.012483639536852154,
          "L_inf": 0.04331024116217175
        }
      ]
    },
    "MLP_SqReLU": {
      "aggregate": {
        "test_MSE": {
          "mean": 0.000420705370558618,
          "min": 0.000420705370558618,
          "max": 0.000420705370558618,
          "std_dev": null
        },
        "test_MAE": {
          "mean": 0.017112701159667877,
          "min": 0.017112701159667877,
          "max": 0.017112701159667877,
          "std_dev": null
        },
        "test_RMSE": {
          "mean": 0.02051110359192352,
          "min": 0.02051110359192352,
          "max": 0.02051110359192352,
          "std_dev": null
        },
        "L1": {
          "mean": 0.017435930586659647,
          "min": 0.017435930586659647,
          "max": 0.017435930586659647,
          "std_dev": null
        },
        "L2": {
          "mean": 0.02079369304788988,
          "min": 0.02079369304788988,
          "max": 0.02079369304788988,
          "std_dev": null
        },
        "L3": {
          "mean": 0.02374551217129582,
          "min": 0.02374551217129582,
          "max": 0.02374551217129582,
          "std_dev": null
        },
        "L_inf": {
          "mean": 0.07097812122046032,
          "min": 0.07097812122046032,
          "max": 0.07097812122046032,
          "std_dev": null
        }
      },
      "individual": [
        {
          "test_MSE": 0.000420705370558618,
          "test_MAE": 0.017112701159667877,
          "test_RMSE": 0.02051110359192352,
          "L1": 0.017435930586659647,
          "L2": 0.02079369304788988,
          "L3": 0.02374551217129582,
          "L_inf": 0.07097812122046032
        }
      ]
    }
  }
}