{
  "n16_k2": {
    "FreeNet": {
      "aggregate": {
        "test_MSE": {
          "mean": 0.20324060320854187,
          "min": 0.20324060320854187,
          "max": 0.20324060320854187,
          "std_dev": null
        },
        "test_MAE": {
          "mean": 0.3962571322917938,
          "min": 0.3962571322917938,
          "max": 0.3962571322917938,
          "std_dev": null
        },
        "test_RMSE": {
          "mean": 0.4508221447467804,
          "min": 0.4508221447467804,
          "max": 0.4508221447467804,
          "std_dev": null
        },
        "L1": {
          "mean": 0.3925245404243469,
          "min": 0.3925245404243469,
          "max": 0.3925245404243469,
          "std_dev": null
        },
        "L2": {
          "mean": 0.44711634516716003,
          "min": 0.44711634516716003,
          "max": 0.44711634516716003,
          "std_dev": null
        },
        "L3": {
          "mean": 0.4830842614173889,
          "min": 0.4830842614173889,
          "max": 0.4830842614173889,
          "std_dev": null
        },
        "L_inf": {
          "mean": 0.7478496432304382,
          "min": 0.7478496432304382,
          "max": 0.7478496432304382,
          "std_dev": null
        }
      },
      "individual": [
        {
          "test_MSE": 0.20324060320854187,
          "test_MAE": 0.3962571322917938,
          "test_RMSE": 0.4508221447467804,
          "L1": 0.3925245404243469,
          "L2": 0.44711634516716003,
          "L3": 0.4830842614173889,
          "L_inf": 0.7478496432304382
        }
      ]
    },
    "MLP": {
      "aggregate": {
        "test_MSE": {
          "mean": 0.2646416127681732,
          "min": 0.2646416127681732,
          "max": 0.2646416127681732,
          "std_dev": null
        },
        "test_MAE": {
          "mean": 0.45077499747276306,
          "min": 0.45077499747276306,
          "max": 0.45077499747276306,
          "std_dev": null
        },
        "test_RMSE": {
          "mean": 0.5144332647323608,
          "min": 0.5144332647323608,
          "max": 0.5144332647323608,
          "std_dev": null
        },
        "L1": {
          "mean": 0.44014793634414673,
          "min": 0.44014793634414673,
          "max": 0.44014793634414673,
          "std_dev": null
        },
        "L2": {
          "mean": 0.5152122378349304,
          "min": 0.5152122378349304,
          "max": 0.5152122378349304,
          "std_dev": null
        },
        "L3": {
          "mean": 0.5702224969863892,
          "min": 0.5702224969863892,
          "max": 0.5702224969863892,
          "std_dev": null
        },
        "L_inf": {
          "mean": 0.9835205674171448,
          "min": 0.9835205674171448,
          "max": 0.9835205674171448,
          "std_dev": null
        }
      },
      "individual": [
        {
          "test_MSE": 0.2646416127681732,
          "test_MAE": 0.45077499747276306,
          "test_RMSE": 0.5144332647323608,
          "L1": 0.44014793634414673,
          "L2": 0.5152122378349304,
          "L3": 0.5702224969863892,
          "L_inf": 0.9835205674171448
        }
      ]
    },
    "MLP_SqReLU": {
      "aggregate": {
        "test_MSE": {
          "mean": 0.25499454140663147,
          "min": 0.25499454140663147,
          "max": 0.25499454140663147,
          "std_dev": null
        },
        "test_MAE": {
          "mean": 0.44240880012512207,
          "min": 0.44240880012512207,
          "max": 0.44240880012512207,
          "std_dev": null
        },
        "test_RMSE": {
          "mean": 0.5049698352813721,
          "min": 0.5049698352813721,
          "max": 0.5049698352813721,
          "std_dev": null
        },
        "L1": {
          "mean": 0.4442392885684967,
          "min": 0.4442392885684967,
          "max": 0.4442392885684967,
          "std_dev": null
        },
        "L2": {
          "mean": 0.5192356109619141,
          "min": 0.5192356109619141,
          "max": 0.5192356109619141,
          "std_dev": null
        },
        "L3": {
          "mean": 0.569861650466919,
          "min": 0.569861650466919,
          "max": 0.569861650466919,
          "std_dev": null
        },
        "L_inf": {
          "mean": 0.8908376097679138,
          "min": 0.8908376097679138,
          "max": 0.8908376097679138,
          "std_dev": null
        }
      },
      "individual": [
        {
          "test_MSE": 0.25499454140663147,
          "test_MAE": 0.44240880012512207,
          "test_RMSE": 0.5049698352813721,
          "L1": 0.4442392885684967,
          "L2": 0.5192356109619141,
          "L3": 0.569861650466919,
          "L_inf": 0.8908376097679138
        }
      ]
    }
  }
}