{
  "n16_k2": {
    "FreeNet": {
      "aggregate": {
        "test_MSE": {
          "mean": 0.17166313529014587,
          "min": 0.17166313529014587,
          "max": 0.17166313529014587,
          "std_dev": null
        },
        "test_MAE": {
          "mean": 0.3582461476325989,
          "min": 0.3582461476325989,
          "max": 0.3582461476325989,
          "std_dev": null
        },
        "test_RMSE": {
          "mean": 0.41432249546051025,
          "min": 0.41432249546051025,
          "max": 0.41432249546051025,
          "std_dev": null
        },
        "L1": {
          "mean": 0.3719164729118347,
          "min": 0.3719164729118347,
          "max": 0.3719164729118347,
          "std_dev": null
        },
        "L2": {
          "mean": 0.4266943037509918,
          "min": 0.4266943037509918,
          "max": 0.4266943037509918,
          "std_dev": null
        },
        "L3": {
          "mean": 0.46341758966445923,
          "min": 0.46341758966445923,
          "max": 0.46341758966445923,
          "std_dev": null
        },
        "L_inf": {
          "mean": 0.8618270754814148,
          "min": 0.8618270754814148,
          "max": 0.8618270754814148,
          "std_dev": null
        }
      },
      "individual": [
        {
          "test_MSE": 0.17166313529014587,
          "test_MAE": 0.3582461476325989,
          "test_RMSE": 0.41432249546051025,
          "L1": 0.3719164729118347,
          "L2": 0.4266943037509918,
          "L3": 0.46341758966445923,
          "L_inf": 0.8618270754814148
        }
      ]
    },
    "MLP": {
      "aggregate": {
        "test_MSE": {
          "mean": 0.24400752782821655,
          "min": 0.24400752782821655,
          "max": 0.24400752782821655,
          "std_dev": null
        },
        "test_MAE": {
          "mean": 0.4359017610549927,
          "min": 0.4359017610549927,
          "max": 0.4359017610549927,
          "std_dev": null
        },
        "test_RMSE": {
          "mean": 0.49397116899490356,
          "min": 0.49397116899490356,
          "max": 0.49397116899490356,
          "std_dev": null
        },
        "L1": {
          "mean": 0.438305139541626,
          "min": 0.438305139541626,
          "max": 0.438305139541626,
          "std_dev": null
        },
        "L2": {
          "mean": 0.5065351128578186,
          "min": 0.5065351128578186,
          "max": 0.5065351128578186,
          "std_dev": null
        },
        "L3": {
          "mean": 0.5539292097091675,
          "min": 0.5539292097091675,
          "max": 0.5539292097091675,
          "std_dev": null
        },
        "L_inf": {
          "mean": 0.9435569643974304,
          "min": 0.9435569643974304,
          "max": 0.9435569643974304,
          "std_dev": null
        }
      },
      "individual": [
        {
          "test_MSE": 0.24400752782821655,
          "test_MAE": 0.4359017610549927,
          "test_RMSE": 0.49397116899490356,
          "L1": 0.438305139541626,
          "L2": 0.5065351128578186,
          "L3": 0.5539292097091675,
          "L_inf": 0.9435569643974304
        }
      ]
    },
    "MLP_SqReLU": {
      "aggregate": {
        "test_MSE": {
          "mean": 0.25393733382225037,
          "min": 0.25393733382225037,
          "max": 0.25393733382225037,
          "std_dev": null
        },
        "test_MAE": {
          "mean": 0.44506627321243286,
          "min": 0.44506627321243286,
          "max": 0.44506627321243286,
          "std_dev": null
        },
        "test_RMSE": {
          "mean": 0.5039219260215759,
          "min": 0.5039219260215759,
          "max": 0.5039219260215759,
          "std_dev": null
        },
        "L1": {
          "mean": 0.44143977761268616,
          "min": 0.44143977761268616,
          "max": 0.44143977761268616,
          "std_dev": null
        },
        "L2": {
          "mean": 0.5128478407859802,
          "min": 0.5128478407859802,
          "max": 0.5128478407859802,
          "std_dev": null
        },
        "L3": {
          "mean": 0.5621800422668457,
          "min": 0.5621800422668457,
          "max": 0.5621800422668457,
          "std_dev": null
        },
        "L_inf": {
          "mean": 0.8920618295669556,
          "min": 0.8920618295669556,
          "max": 0.8920618295669556,
          "std_dev": null
        }
      },
      "individual": [
        {
          "test_MSE": 0.25393733382225037,
          "test_MAE": 0.44506627321243286,
          "test_RMSE": 0.5039219260215759,
          "L1": 0.44143977761268616,
          "L2": 0.5128478407859802,
          "L3": 0.5621800422668457,
          "L_inf": 0.8920618295669556
        }
      ]
    }
  }
}